"f","p1","p2","p3","p4","p5","p6","p7","p8","p9"
 1.66190092803117636e+02, 2.99734648467935016e-04, 1.03038141382917198e-01, 3.50811120223618644e-05, 4.62583535315831199e-02, 9.99999999999999425e-08, 0.00000000000000000e+00, 2.49810498434180264e-03, 5.24239451609092716e-02, 1.13934995458069552e-01
 1.68166058035572121e+02, 2.99734648467935016e-04, 1.03038141382917198e-01, 3.50811120223618644e-05, 4.62583535315831199e-02, 9.99999999999999425e-08, 2.66666666666666684e-02, 2.49810498434180264e-03, 5.24239451609092716e-02, 1.13934995458069552e-01
 1.69405515882133301e+02, 2.99734648467935016e-04, 1.03038141382917198e-01, 3.50811120223618644e-05, 4.62583535315831199e-02, 9.99999999999999425e-08, 5.33333333333333368e-02, 2.49810498434180264e-03, 5.24239451609092716e-02, 1.13934995458069552e-01
 1.70171141549325483e+02, 2.99734648467935016e-04, 1.03038141382917198e-01, 3.50811120223618644e-05, 4.62583535315831199e-02, 9.99999999999999425e-08, 8.00000000000000017e-02, 2.49810498434180264e-03, 5.24239451609092716e-02, 1.13934995458069552e-01
 1.70651817674771650e+02, 2.99734648467935016e-04, 1.03038141382917198e-01, 3.50811120223618644e-05, 4.62583535315831199e-02, 9.99999999999999425e-08, 1.06666666666666674e-01, 2.49810498434180264e-03, 5.24239451609092716e-02, 1.13934995458069552e-01
 1.70963247289608290e+02, 2.99734648467935016e-04, 1.03038141382917198e-01, 3.50811120223618644e-05, 4.62583535315831199e-02, 9.99999999999999425e-08, 1.33333333333333331e-01, 2.49810498434180264e-03, 5.24239451609092716e-02, 1.13934995458069552e-01
 1.71170202872260234e+02, 2.99734648467935016e-04, 1.03038141382917198e-01, 3.50811120223618644e-05, 4.62583535315831199e-02, 9.99999999999999425e-08, 1.60000000000000003e-01, 2.49810498434180264e-03, 5.24239451609092716e-02, 1.13934995458069552e-01
 1.04216888897422497e+05, 2.99734648467935016e-04, 1.03038141382917198e-01, 3.50811120223618644e-05, 4.62583535315831199e-02, 9.99999999999999425e-08, 1.86666666666666675e-01, 2.49810498434180264e-03, 5.24239451609092716e-02, 1.13934995458069552e-01
 1.24223655648372551e+04, 2.99734648467935016e-04, 1.03038141382917198e-01, 3.50811120223618644e-05, 4.62583535315831199e-02, 9.99999999999999425e-08, 2.13333333333333347e-01, 2.49810498434180264e-03, 5.24239451609092716e-02, 1.13934995458069552e-01
 1.07040037354970889e+05, 2.99734648467935016e-04, 1.03038141382917198e-01, 3.50811120223618644e-05, 4.62583535315831199e-02, 9.99999999999999425e-08, 2.40000000000000019e-01, 2.49810498434180264e-03, 5.24239451609092716e-02, 1.13934995458069552e-01
 1.96489761448134203e+02, 2.99734648467935016e-04, 1.03038141382917198e-01, 3.50811120223618644e-05, 4.62583535315831199e-02, 9.99999999999999425e-08, 2.66666666666666663e-01, 2.49810498434180264e-03, 5.24239451609092716e-02, 1.13934995458069552e-01
 5.92191844672838124e+04, 2.99734648467935016e-04, 1.03038141382917198e-01, 3.50811120223618644e-05, 4.62583535315831199e-02, 9.99999999999999425e-08, 2.93333333333333335e-01, 2.49810498434180264e-03, 5.24239451609092716e-02, 1.13934995458069552e-01
 6.83891651859804697e+04, 2.99734648467935016e-04, 1.03038141382917198e-01, 3.50811120223618644e-05, 4.62583535315831199e-02, 9.99999999999999425e-08, 3.20000000000000007e-01, 2.49810498434180264e-03, 5.24239451609092716e-02, 1.13934995458069552e-01
 1.71745655491824408e+02, 2.99734648467935016e-04, 1.03038141382917198e-01, 3.50811120223618644e-05, 4.62583535315831199e-02, 9.99999999999999425e-08, 3.46666666666666679e-01, 2.49810498434180264e-03, 5.24239451609092716e-02, 1.13934995458069552e-01
 1.71594021315159466e+02, 2.99734648467935016e-04, 1.03038141382917198e-01, 3.50811120223618644e-05, 4.62583535315831199e-02, 9.99999999999999425e-08, 3.73333333333333350e-01, 2.49810498434180264e-03, 5.24239451609092716e-02, 1.13934995458069552e-01
 3.14686085453770756e+04, 2.99734648467935016e-04, 1.03038141382917198e-01, 3.50811120223618644e-05, 4.62583535315831199e-02, 9.99999999999999425e-08, 4.00000000000000022e-01, 2.49810498434180264e-03, 5.24239451609092716e-02, 1.13934995458069552e-01
 1.54929636105468830e+02, 2.99734648467935016e-04, 1.03038141382917198e-01, 3.50811120223618644e-05, 4.62583535315831199e-02, 4.64158883361277677e-07, 0.00000000000000000e+00, 2.49810498434180264e-03, 5.24239451609092716e-02, 1.13934995458069552e-01
 1.62229562484775442e+02, 2.99734648467935016e-04, 1.03038141382917198e-01, 3.50811120223618644e-05, 4.62583535315831199e-02, 4.64158883361277677e-07, 2.66666666666666684e-02, 2.49810498434180264e-03, 5.24239451609092716e-02, 1.13934995458069552e-01
 1.67064839702774833e+02, 2.99734648467935016e-04, 1.03038141382917198e-01, 3.50811120223618644e-05, 4.62583535315831199e-02, 4.64158883361277677e-07, 5.33333333333333368e-02, 2.49810498434180264e-03, 5.24239451609092716e-02, 1.13934995458069552e-01
 1.70153300789845986e+02, 2.99734648467935016e-04, 1.03038141382917198e-01, 3.50811120223618644e-05, 4.62583535315831199e-02, 4.64158883361277677e-07, 8.00000000000000017e-02, 2.49810498434180264e-03, 5.24239451609092716e-02, 1.13934995458069552e-01
 1.72144357623108164e+02, 2.99734648467935016e-04, 1.03038141382917198e-01, 3.50811120223618644e-05, 4.62583535315831199e-02, 4.64158883361277677e-07, 1.06666666666666674e-01, 2.49810498434180264e-03, 5.24239451609092716e-02, 1.13934995458069552e-01
 1.73454330040133328e+02, 2.99734648467935016e-04, 1.03038141382917198e-01, 3.50811120223618644e-05, 4.62583535315831199e-02, 4.64158883361277677e-07, 1.33333333333333331e-01, 2.49810498434180264e-03, 5.24239451609092716e-02, 1.13934995458069552e-01
 2.34327601418644881e+04, 2.99734648467935016e-04, 1.03038141382917198e-01, 3.50811120223618644e-05, 4.62583535315831199e-02, 4.64158883361277677e-07, 1.60000000000000003e-01, 2.49810498434180264e-03, 5.24239451609092716e-02, 1.13934995458069552e-01
 5.42222870094610116e+04, 2.99734648467935016e-04, 1.03038141382917198e-01, 3.50811120223618644e-05, 4.62583535315831199e-02, 4.64158883361277677e-07, 1.86666666666666675e-01, 2.49810498434180264e-03, 5.24239451609092716e-02, 1.13934995458069552e-01
 2.48672346823562366e+04, 2.99734648467935016e-04, 1.03038141382917198e-01, 3.50811120223618644e-05, 4.62583535315831199e-02, 4.64158883361277677e-07, 2.13333333333333347e-01, 2.49810498434180264e-03, 5.24239451609092716e-02, 1.13934995458069552e-01
 1.75711362365550372e+02, 2.99734648467935016e-04, 1.03038141382917198e-01, 3.50811120223618644e-05, 4.62583535315831199e-02, 4.64158883361277677e-07, 2.40000000000000019e-01, 2.49810498434180264e-03, 5.24239451609092716e-02, 1.13934995458069552e-01
 2.36766176514844374e+04, 2.99734648467935016e-04, 1.03038141382917198e-01, 3.50811120223618644e-05, 4.62583535315831199e-02, 4.64158883361277677e-07, 2.66666666666666663e-01, 2.49810498434180264e-03, 5.24239451609092716e-02, 1.13934995458069552e-01
 1.76289872731606664e+02, 2.99734648467935016e-04, 1.03038141382917198e-01, 3.50811120223618644e-05, 4.62583535315831199e-02, 4.64158883361277677e-07, 2.93333333333333335e-01, 2.49810498434180264e-03, 5.24239451609092716e-02, 1.13934995458069552e-01
 1.76202406735158064e+02, 2.99734648467935016e-04, 1.03038141382917198e-01, 3.50811120223618644e-05, 4.62583535315831199e-02, 4.64158883361277677e-07, 3.20000000000000007e-01, 2.49810498434180264e-03, 5.24239451609092716e-02, 1.13934995458069552e-01
 4.88191300795480420e+04, 2.99734648467935016e-04, 1.03038141382917198e-01, 3.50811120223618644e-05, 4.62583535315831199e-02, 4.64158883361277677e-07, 3.46666666666666679e-01, 2.49810498434180264e-03, 5.24239451609092716e-02, 1.13934995458069552e-01
 1.78714135394342918e+02, 2.99734648467935016e-04, 1.03038141382917198e-01, 3.50811120223618644e-05, 4.62583535315831199e-02, 4.64158883361277677e-07, 3.73333333333333350e-01, 2.49810498434180264e-03, 5.24239451609092716e-02, 1.13934995458069552e-01
 1.76852918871448395e+02, 2.99734648467935016e-04, 1.03038141382917198e-01, 3.50811120223618644e-05, 4.62583535315831199e-02, 4.64158883361277677e-07, 4.00000000000000022e-01, 2.49810498434180264e-03, 5.24239451609092716e-02, 1.13934995458069552e-01
 3.92419677427620918e+04, 2.99734648467935016e-04, 1.03038141382917198e-01, 3.50811120223618644e-05, 4.62583535315831199e-02, 2.15443469003188308e-06, 0.00000000000000000e+00, 2.49810498434180264e-03, 5.24239451609092716e-02, 1.13934995458069552e-01
 6.29618596189761738e+04, 2.99734648467935016e-04, 1.03038141382917198e-01, 3.50811120223618644e-05, 4.62583535315831199e-02, 2.15443469003188308e-06, 2.66666666666666684e-02, 2.49810498434180264e-03, 5.24239451609092716e-02, 1.13934995458069552e-01
 7.10010410894124216e+04, 2.99734648467935016e-04, 1.03038141382917198e-01, 3.50811120223618644e-05, 4.62583535315831199e-02, 2.15443469003188308e-06, 5.33333333333333368e-02, 2.49810498434180264e-03, 5.24239451609092716e-02, 1.13934995458069552e-01
 3.51448367715659915e+04, 2.99734648467935016e-04, 1.03038141382917198e-01, 3.50811120223618644e-05, 4.62583535315831199e-02, 2.15443469003188308e-06, 8.00000000000000017e-02, 2.49810498434180264e-03, 5.24239451609092716e-02, 1.13934995458069552e-01
 3.37970011653728725e+04, 2.99734648467935016e-04, 1.03038141382917198e-01, 3.50811120223618644e-05, 4.62583535315831199e-02, 2.15443469003188308e-06, 1.06666666666666674e-01, 2.49810498434180264e-03, 5.24239451609092716e-02, 1.13934995458069552e-01
 8.51858758508196042e+04, 2.99734648467935016e-04, 1.03038141382917198e-01, 3.50811120223618644e-05, 4.62583535315831199e-02, 2.15443469003188308e-06, 1.33333333333333331e-01, 2.49810498434180264e-03, 5.24239451609092716e-02, 1.13934995458069552e-01
 6.73124057788619248e+04, 2.99734648467935016e-04, 1.03038141382917198e-01, 3.50811120223618644e-05, 4.62583535315831199e-02, 2.15443469003188308e-06, 1.60000000000000003e-01, 2.49810498434180264e-03, 5.24239451609092716e-02, 1.13934995458069552e-01
 5.71171756952620271e+04, 2.99734648467935016e-04, 1.03038141382917198e-01, 3.50811120223618644e-05, 4.62583535315831199e-02, 2.15443469003188308e-06, 1.86666666666666675e-01, 2.49810498434180264e-03, 5.24239451609092716e-02, 1.13934995458069552e-01
 5.11555311748172098e+04, 2.99734648467935016e-04, 1.03038141382917198e-01, 3.50811120223618644e-05, 4.62583535315831199e-02, 2.15443469003188308e-06, 2.13333333333333347e-01, 2.49810498434180264e-03, 5.24239451609092716e-02, 1.13934995458069552e-01
 5.20013093169093627e+04, 2.99734648467935016e-04, 1.03038141382917198e-01, 3.50811120223618644e-05, 4.62583535315831199e-02, 2.15443469003188308e-06, 2.40000000000000019e-01, 2.49810498434180264e-03, 5.24239451609092716e-02, 1.13934995458069552e-01
 8.59795652285222750e+04, 2.99734648467935016e-04, 1.03038141382917198e-01, 3.50811120223618644e-05, 4.62583535315831199e-02, 2.15443469003188308e-06, 2.66666666666666663e-01, 2.49810498434180264e-03, 5.24239451609092716e-02, 1.13934995458069552e-01
 7.14796290536096203e+04, 2.99734648467935016e-04, 1.03038141382917198e-01, 3.50811120223618644e-05, 4.62583535315831199e-02, 2.15443469003188308e-06, 2.93333333333333335e-01, 2.49810498434180264e-03, 5.24239451609092716e-02, 1.13934995458069552e-01
 7.52964744510993478e+04, 2.99734648467935016e-04, 1.03038141382917198e-01, 3.50811120223618644e-05, 4.62583535315831199e-02, 2.15443469003188308e-06, 3.20000000000000007e-01, 2.49810498434180264e-03, 5.24239451609092716e-02, 1.13934995458069552e-01
 6.10386526438316214e+04, 2.99734648467935016e-04, 1.03038141382917198e-01, 3.50811120223618644e-05, 4.62583535315831199e-02, 2.15443469003188308e-06, 3.46666666666666679e-01, 2.49810498434180264e-03, 5.24239451609092716e-02, 1.13934995458069552e-01
 1.06994830030498051e+05, 2.99734648467935016e-04, 1.03038141382917198e-01, 3.50811120223618644e-05, 4.62583535315831199e-02, 2.15443469003188308e-06, 3.73333333333333350e-01, 2.49810498434180264e-03, 5.24239451609092716e-02, 1.13934995458069552e-01
 3.34909227055648153e+04, 2.99734648467935016e-04, 1.03038141382917198e-01, 3.50811120223618644e-05, 4.62583535315831199e-02, 2.15443469003188308e-06, 4.00000000000000022e-01, 2.49810498434180264e-03, 5.24239451609092716e-02, 1.13934995458069552e-01
 6.05716532943664205e+01, 2.99734648467935016e-04, 1.03038141382917198e-01, 3.50811120223618644e-05, 4.62583535315831199e-02, 9.99999999999998049e-06, 0.00000000000000000e+00, 2.49810498434180264e-03, 5.24239451609092716e-02, 1.13934995458069552e-01
 6.17164042454253945e+01, 2.99734648467935016e-04, 1.03038141382917198e-01, 3.50811120223618644e-05, 4.62583535315831199e-02, 9.99999999999998049e-06, 2.66666666666666684e-02, 2.49810498434180264e-03, 5.24239451609092716e-02, 1.13934995458069552e-01
 8.25277788698836474e+01, 2.99734648467935016e-04, 1.03038141382917198e-01, 3.50811120223618644e-05, 4.62583535315831199e-02, 9.99999999999998049e-06, 5.33333333333333368e-02, 2.49810498434180264e-03, 5.24239451609092716e-02, 1.13934995458069552e-01
 1.01790146153985987e+02, 2.99734648467935016e-04, 1.03038141382917198e-01, 3.50811120223618644e-05, 4.62583535315831199e-02, 9.99999999999998049e-06, 8.00000000000000017e-02, 2.49810498434180264e-03, 5.24239451609092716e-02, 1.13934995458069552e-01
 2.69100042029864089e+04, 2.99734648467935016e-04, 1.03038141382917198e-01, 3.50811120223618644e-05, 4.62583535315831199e-02, 9.99999999999998049e-06, 1.06666666666666674e-01, 2.49810498434180264e-03, 5.24239451609092716e-02, 1.13934995458069552e-01
 5.00846919464546372e+04, 2.99734648467935016e-04, 1.03038141382917198e-01, 3.50811120223618644e-05, 4.62583535315831199e-02, 9.99999999999998049e-06, 1.33333333333333331e-01, 2.49810498434180264e-03, 5.24239451609092716e-02, 1.13934995458069552e-01
 3.71748048496962947e+04, 2.99734648467935016e-04, 1.03038141382917198e-01, 3.50811120223618644e-05, 4.62583535315831199e-02, 9.99999999999998049e-06, 1.60000000000000003e-01, 2.49810498434180264e-03, 5.24239451609092716e-02, 1.13934995458069552e-01
 3.44609476390471318e+04, 2.99734648467935016e-04, 1.03038141382917198e-01, 3.50811120223618644e-05, 4.62583535315831199e-02, 9.99999999999998049e-06, 1.86666666666666675e-01, 2.49810498434180264e-03, 5.24239451609092716e-02, 1.13934995458069552e-01
 2.96269470854878600e+04, 2.99734648467935016e-04, 1.03038141382917198e-01, 3.50811120223618644e-05, 4.62583535315831199e-02, 9.99999999999998049e-06, 2.13333333333333347e-01, 2.49810498434180264e-03, 5.24239451609092716e-02, 1.13934995458069552e-01
 1.51511113672750270e+02, 2.99734648467935016e-04, 1.03038141382917198e-01, 3.50811120223618644e-05, 4.62583535315831199e-02, 9.99999999999998049e-06, 2.40000000000000019e-01, 2.49810498434180264e-03, 5.24239451609092716e-02, 1.13934995458069552e-01
 1.54134830275834389e+02, 2.99734648467935016e-04, 1.03038141382917198e-01, 3.50811120223618644e-05, 4.62583535315831199e-02, 9.99999999999998049e-06, 2.66666666666666663e-01, 2.49810498434180264e-03, 5.24239451609092716e-02, 1.13934995458069552e-01
 1.56367277821263912e+02, 2.99734648467935016e-04, 1.03038141382917198e-01, 3.50811120223618644e-05, 4.62583535315831199e-02, 9.99999999999998049e-06, 2.93333333333333335e-01, 2.49810498434180264e-03, 5.24239451609092716e-02, 1.13934995458069552e-01
 1.58184403798558122e+02, 2.99734648467935016e-04, 1.03038141382917198e-01, 3.50811120223618644e-05, 4.62583535315831199e-02, 9.99999999999998049e-06, 3.20000000000000007e-01, 2.49810498434180264e-03, 5.24239451609092716e-02, 1.13934995458069552e-01
 1.59650105054368964e+02, 2.99734648467935016e-04, 1.03038141382917198e-01, 3.50811120223618644e-05, 4.62583535315831199e-02, 9.99999999999998049e-06, 3.46666666666666679e-01, 2.49810498434180264e-03, 5.24239451609092716e-02, 1.13934995458069552e-01
 1.60824900552200035e+02, 2.99734648467935016e-04, 1.03038141382917198e-01, 3.50811120223618644e-05, 4.62583535315831199e-02, 9.99999999999998049e-06, 3.73333333333333350e-01, 2.49810498434180264e-03, 5.24239451609092716e-02, 1.13934995458069552e-01
 1.61758813984167546e+02, 2.99734648467935016e-04, 1.03038141382917198e-01, 3.50811120223618644e-05, 4.62583535315831199e-02, 9.99999999999998049e-06, 4.00000000000000022e-01, 2.49810498434180264e-03, 5.24239451609092716e-02, 1.13934995458069552e-01
 3.25525794749670681e+01, 2.99734648467935016e-04, 1.03038141382917198e-01, 3.50811120223618644e-05, 4.62583535315831199e-02, 4.64158883361277840e-05, 0.00000000000000000e+00, 2.49810498434180264e-03, 5.24239451609092716e-02, 1.13934995458069552e-01
 8.37438116483898085e+01, 2.99734648467935016e-04, 1.03038141382917198e-01, 3.50811120223618644e-05, 4.62583535315831199e-02, 4.64158883361277840e-05, 2.66666666666666684e-02, 2.49810498434180264e-03, 5.24239451609092716e-02, 1.13934995458069552e-01
 3.70509851378265157e+04, 2.99734648467935016e-04, 1.03038141382917198e-01, 3.50811120223618644e-05, 4.62583535315831199e-02, 4.64158883361277840e-05, 5.33333333333333368e-02, 2.49810498434180264e-03, 5.24239451609092716e-02, 1.13934995458069552e-01
 5.78730661351434537e+04, 2.99734648467935016e-04, 1.03038141382917198e-01, 3.50811120223618644e-05, 4.62583535315831199e-02, 4.64158883361277840e-05, 8.00000000000000017e-02, 2.49810498434180264e-03, 5.24239451609092716e-02, 1.13934995458069552e-01
 9.36543576781590527e+04, 2.99734648467935016e-04, 1.03038141382917198e-01, 3.50811120223618644e-05, 4.62583535315831199e-02, 4.64158883361277840e-05, 1.06666666666666674e-01, 2.49810498434180264e-03, 5.24239451609092716e-02, 1.13934995458069552e-01
 1.53649259306234781e+04, 2.99734648467935016e-04, 1.03038141382917198e-01, 3.50811120223618644e-05, 4.62583535315831199e-02, 4.64158883361277840e-05, 1.33333333333333331e-01, 2.49810498434180264e-03, 5.24239451609092716e-02, 1.13934995458069552e-01
 1.05849641273324551e+02, 2.99734648467935016e-04, 1.03038141382917198e-01, 3.50811120223618644e-05, 4.62583535315831199e-02, 4.64158883361277840e-05, 1.60000000000000003e-01, 2.49810498434180264e-03, 5.24239451609092716e-02, 1.13934995458069552e-01
 1.17248820612079271e+02, 2.99734648467935016e-04, 1.03038141382917198e-01, 3.50811120223618644e-05, 4.62583535315831199e-02, 4.64158883361277840e-05, 1.86666666666666675e-01, 2.49810498434180264e-03, 5.24239451609092716e-02, 1.13934995458069552e-01
 1.26590152189148711e+02, 2.99734648467935016e-04, 1.03038141382917198e-01, 3.50811120223618644e-05, 4.62583535315831199e-02, 4.64158883361277840e-05, 2.13333333333333347e-01, 2.49810498434180264e-03, 5.24239451609092716e-02, 1.13934995458069552e-01
 1.33761466832434905e+02, 2.99734648467935016e-04, 1.03038141382917198e-01, 3.50811120223618644e-05, 4.62583535315831199e-02, 4.64158883361277840e-05, 2.40000000000000019e-01, 2.49810498434180264e-03, 5.24239451609092716e-02, 1.13934995458069552e-01
 1.39128664911898994e+02, 2.99734648467935016e-04, 1.03038141382917198e-01, 3.50811120223618644e-05, 4.62583535315831199e-02, 4.64158883361277840e-05, 2.66666666666666663e-01, 2.49810498434180264e-03, 5.24239451609092716e-02, 1.13934995458069552e-01
 1.43206404931960918e+02, 2.99734648467935016e-04, 1.03038141382917198e-01, 3.50811120223618644e-05, 4.62583535315831199e-02, 4.64158883361277840e-05, 2.93333333333333335e-01, 2.49810498434180264e-03, 5.24239451609092716e-02, 1.13934995458069552e-01
 1.46452570065086121e+02, 2.99734648467935016e-04, 1.03038141382917198e-01, 3.50811120223618644e-05, 4.62583535315831199e-02, 4.64158883361277840e-05, 3.20000000000000007e-01, 2.49810498434180264e-03, 5.24239451609092716e-02, 1.13934995458069552e-01
 1.49188560010873061e+02, 2.99734648467935016e-04, 1.03038141382917198e-01, 3.50811120223618644e-05, 4.62583535315831199e-02, 4.64158883361277840e-05, 3.46666666666666679e-01, 2.49810498434180264e-03, 5.24239451609092716e-02, 1.13934995458069552e-01
 1.51606955809475295e+02, 2.99734648467935016e-04, 1.03038141382917198e-01, 3.50811120223618644e-05, 4.62583535315831199e-02, 4.64158883361277840e-05, 3.73333333333333350e-01, 2.49810498434180264e-03, 5.24239451609092716e-02, 1.13934995458069552e-01
 1.53760261575107762e+02, 2.99734648467935016e-04, 1.03038141382917198e-01, 3.50811120223618644e-05, 4.62583535315831199e-02, 4.64158883361277840e-05, 4.00000000000000022e-01, 2.49810498434180264e-03, 5.24239451609092716e-02, 1.13934995458069552e-01
 1.01053307852785430e+01, 2.99734648467935016e-04, 1.03038141382917198e-01, 3.50811120223618644e-05, 4.62583535315831199e-02, 2.15443469003188015e-04, 0.00000000000000000e+00, 2.49810498434180264e-03, 5.24239451609092716e-02, 1.13934995458069552e-01
 5.00676789181521235e+04, 2.99734648467935016e-04, 1.03038141382917198e-01, 3.50811120223618644e-05, 4.62583535315831199e-02, 2.15443469003188015e-04, 2.66666666666666684e-02, 2.49810498434180264e-03, 5.24239451609092716e-02, 1.13934995458069552e-01
 7.28297569500670361e+04, 2.99734648467935016e-04, 1.03038141382917198e-01, 3.50811120223618644e-05, 4.62583535315831199e-02, 2.15443469003188015e-04, 5.33333333333333368e-02, 2.49810498434180264e-03, 5.24239451609092716e-02, 1.13934995458069552e-01
 6.58296900962880187e+01, 2.99734648467935016e-04, 1.03038141382917198e-01, 3.50811120223618644e-05, 4.62583535315831199e-02, 2.15443469003188015e-04, 8.00000000000000017e-02, 2.49810498434180264e-03, 5.24239451609092716e-02, 1.13934995458069552e-01
 3.38537133686771980e+01, 2.99734648467935016e-04, 1.03038141382917198e-01, 3.50811120223618644e-05, 4.62583535315831199e-02, 2.15443469003188015e-04, 1.06666666666666674e-01, 2.49810498434180264e-03, 5.24239451609092716e-02, 1.13934995458069552e-01
 5.06922875572859439e+01, 2.99734648467935016e-04, 1.03038141382917198e-01, 3.50811120223618644e-05, 4.62583535315831199e-02, 2.15443469003188015e-04, 1.33333333333333331e-01, 2.49810498434180264e-03, 5.24239451609092716e-02, 1.13934995458069552e-01
 6.89071418832474052e+01, 2.99734648467935016e-04, 1.03038141382917198e-01, 3.50811120223618644e-05, 4.62583535315831199e-02, 2.15443469003188015e-04, 1.60000000000000003e-01, 2.49810498434180264e-03, 5.24239451609092716e-02, 1.13934995458069552e-01
 8.45304815642492144e+01, 2.99734648467935016e-04, 1.03038141382917198e-01, 3.50811120223618644e-05, 4.62583535315831199e-02, 2.15443469003188015e-04, 1.86666666666666675e-01, 2.49810498434180264e-03, 5.24239451609092716e-02, 1.13934995458069552e-01
 9.73090893409009965e+01, 2.99734648467935016e-04, 1.03038141382917198e-01, 3.50811120223618644e-05, 4.62583535315831199e-02, 2.15443469003188015e-04, 2.13333333333333347e-01, 2.49810498434180264e-03, 5.24239451609092716e-02, 1.13934995458069552e-01
 1.08407237150795936e+02, 2.99734648467935016e-04, 1.03038141382917198e-01, 3.50811120223618644e-05, 4.62583535315831199e-02, 2.15443469003188015e-04, 2.40000000000000019e-01, 2.49810498434180264e-03, 5.24239451609092716e-02, 1.13934995458069552e-01
 1.18163747203556227e+02, 2.99734648467935016e-04, 1.03038141382917198e-01, 3.50811120223618644e-05, 4.62583535315831199e-02, 2.15443469003188015e-04, 2.66666666666666663e-01, 2.49810498434180264e-03, 5.24239451609092716e-02, 1.13934995458069552e-01
 1.26220785642656807e+02, 2.99734648467935016e-04, 1.03038141382917198e-01, 3.50811120223618644e-05, 4.62583535315831199e-02, 2.15443469003188015e-04, 2.93333333333333335e-01, 2.49810498434180264e-03, 5.24239451609092716e-02, 1.13934995458069552e-01
 1.32388669623711081e+02, 2.99734648467935016e-04, 1.03038141382917198e-01, 3.50811120223618644e-05, 4.62583535315831199e-02, 2.15443469003188015e-04, 3.20000000000000007e-01, 2.49810498434180264e-03, 5.24239451609092716e-02, 1.13934995458069552e-01
 1.36864644001494526e+02, 2.99734648467935016e-04, 1.03038141382917198e-01, 3.50811120223618644e-05, 4.62583535315831199e-02, 2.15443469003188015e-04, 3.46666666666666679e-01, 2.49810498434180264e-03, 5.24239451609092716e-02, 1.13934995458069552e-01
 1.40129285624327110e+02, 2.99734648467935016e-04, 1.03038141382917198e-01, 3.50811120223618644e-05, 4.62583535315831199e-02, 2.15443469003188015e-04, 3.73333333333333350e-01, 2.49810498434180264e-03, 5.24239451609092716e-02, 1.13934995458069552e-01
 1.42652870362864149e+02, 2.99734648467935016e-04, 1.03038141382917198e-01, 3.50811120223618644e-05, 4.62583535315831199e-02, 2.15443469003188015e-04, 4.00000000000000022e-01, 2.49810498434180264e-03, 5.24239451609092716e-02, 1.13934995458069552e-01
 7.76457433622845565e+04, 2.99734648467935016e-04, 1.03038141382917198e-01, 3.50811120223618644e-05, 4.62583535315831199e-02, 9.99999999999998503e-04, 0.00000000000000000e+00, 2.49810498434180264e-03, 5.24239451609092716e-02, 1.13934995458069552e-01
 8.64637220407924178e+04, 2.99734648467935016e-04, 1.03038141382917198e-01, 3.50811120223618644e-05, 4.62583535315831199e-02, 9.99999999999998503e-04, 2.66666666666666684e-02, 2.49810498434180264e-03, 5.24239451609092716e-02, 1.13934995458069552e-01
 9.60789439306745940e+00, 2.99734648467935016e-04, 1.03038141382917198e-01, 3.50811120223618644e-05, 4.62583535315831199e-02, 9.99999999999998503e-04, 5.33333333333333368e-02, 2.49810498434180264e-03, 5.24239451609092716e-02, 1.13934995458069552e-01
 8.98940552967437867e+00, 2.99734648467935016e-04, 1.03038141382917198e-01, 3.50811120223618644e-05, 4.62583535315831199e-02, 9.99999999999998503e-04, 8.00000000000000017e-02, 2.49810498434180264e-03, 5.24239451609092716e-02, 1.13934995458069552e-01
 1.18393675930549129e+01, 2.99734648467935016e-04, 1.03038141382917198e-01, 3.50811120223618644e-05, 4.62583535315831199e-02, 9.99999999999998503e-04, 1.06666666666666674e-01, 2.49810498434180264e-03, 5.24239451609092716e-02, 1.13934995458069552e-01
 1.92649764893982081e+01, 2.99734648467935016e-04, 1.03038141382917198e-01, 3.50811120223618644e-05, 4.62583535315831199e-02, 9.99999999999998503e-04, 1.33333333333333331e-01, 2.49810498434180264e-03, 5.24239451609092716e-02, 1.13934995458069552e-01
 3.24112008343684721e+01, 2.99734648467935016e-04, 1.03038141382917198e-01, 3.50811120223618644e-05, 4.62583535315831199e-02, 9.99999999999998503e-04, 1.60000000000000003e-01, 2.49810498434180264e-03, 5.24239451609092716e-02, 1.13934995458069552e-01
 4.98519595151314761e+01, 2.99734648467935016e-04, 1.03038141382917198e-01, 3.50811120223618644e-05, 4.62583535315831199e-02, 9.99999999999998503e-04, 1.86666666666666675e-01, 2.49810498434180264e-03, 5.24239451609092716e-02, 1.13934995458069552e-01
 6.71917255847615422e+01, 2.99734648467935016e-04, 1.03038141382917198e-01, 3.50811120223618644e-05, 4.62583535315831199e-02, 9.99999999999998503e-04, 2.13333333333333347e-01, 2.49810498434180264e-03, 5.24239451609092716e-02, 1.13934995458069552e-01
 8.10317916993020759e+01, 2.99734648467935016e-04, 1.03038141382917198e-01, 3.50811120223618644e-05, 4.62583535315831199e-02, 9.99999999999998503e-04, 2.40000000000000019e-01, 2.49810498434180264e-03, 5.24239451609092716e-02, 1.13934995458069552e-01
 9.17252168028412029e+01, 2.99734648467935016e-04, 1.03038141382917198e-01, 3.50811120223618644e-05, 4.62583535315831199e-02, 9.99999999999998503e-04, 2.66666666666666663e-01, 2.49810498434180264e-03, 5.24239451609092716e-02, 1.13934995458069552e-01
 1.01202986375615197e+02, 2.99734648467935016e-04, 1.03038141382917198e-01, 3.50811120223618644e-05, 4.62583535315831199e-02, 9.99999999999998503e-04, 2.93333333333333335e-01, 2.49810498434180264e-03, 5.24239451609092716e-02, 1.13934995458069552e-01
 1.10518600102435158e+02, 2.99734648467935016e-04, 1.03038141382917198e-01, 3.50811120223618644e-05, 4.62583535315831199e-02, 9.99999999999998503e-04, 3.20000000000000007e-01, 2.49810498434180264e-03, 5.24239451609092716e-02, 1.13934995458069552e-01
 1.19272182897791595e+02, 2.99734648467935016e-04, 1.03038141382917198e-01, 3.50811120223618644e-05, 4.62583535315831199e-02, 9.99999999999998503e-04, 3.46666666666666679e-01, 2.49810498434180264e-03, 5.24239451609092716e-02, 1.13934995458069552e-01
 1.26625889152064474e+02, 2.99734648467935016e-04, 1.03038141382917198e-01, 3.50811120223618644e-05, 4.62583535315831199e-02, 9.99999999999998503e-04, 3.73333333333333350e-01, 2.49810498434180264e-03, 5.24239451609092716e-02, 1.13934995458069552e-01
 1.32310062362018471e+02, 2.99734648467935016e-04, 1.03038141382917198e-01, 3.50811120223618644e-05, 4.62583535315831199e-02, 9.99999999999998503e-04, 4.00000000000000022e-01, 2.49810498434180264e-03, 5.24239451609092716e-02, 1.13934995458069552e-01
 6.60653571126546666e+01, 2.99734648467935016e-04, 1.03038141382917198e-01, 3.50811120223618644e-05, 4.62583535315831199e-02, 4.64158883361277200e-03, 0.00000000000000000e+00, 2.49810498434180264e-03, 5.24239451609092716e-02, 1.13934995458069552e-01
 4.40785417888751230e+00, 2.99734648467935016e-04, 1.03038141382917198e-01, 3.50811120223618644e-05, 4.62583535315831199e-02, 4.64158883361277200e-03, 2.66666666666666684e-02, 2.49810498434180264e-03, 5.24239451609092716e-02, 1.13934995458069552e-01
 3.92584966423194937e+00, 2.99734648467935016e-04, 1.03038141382917198e-01, 3.50811120223618644e-05, 4.62583535315831199e-02, 4.64158883361277200e-03, 5.33333333333333368e-02, 2.49810498434180264e-03, 5.24239451609092716e-02, 1.13934995458069552e-01
 4.12968454373961347e+00, 2.99734648467935016e-04, 1.03038141382917198e-01, 3.50811120223618644e-05, 4.62583535315831199e-02, 4.64158883361277200e-03, 8.00000000000000017e-02, 2.49810498434180264e-03, 5.24239451609092716e-02, 1.13934995458069552e-01
 4.84122246744235696e+00, 2.99734648467935016e-04, 1.03038141382917198e-01, 3.50811120223618644e-05, 4.62583535315831199e-02, 4.64158883361277200e-03, 1.06666666666666674e-01, 2.49810498434180264e-03, 5.24239451609092716e-02, 1.13934995458069552e-01
 6.64204517378964976e+00, 2.99734648467935016e-04, 1.03038141382917198e-01, 3.50811120223618644e-05, 4.62583535315831199e-02, 4.64158883361277200e-03, 1.33333333333333331e-01, 2.49810498434180264e-03, 5.24239451609092716e-02, 1.13934995458069552e-01
 1.08452799276141363e+01, 2.99734648467935016e-04, 1.03038141382917198e-01, 3.50811120223618644e-05, 4.62583535315831199e-02, 4.64158883361277200e-03, 1.60000000000000003e-01, 2.49810498434180264e-03, 5.24239451609092716e-02, 1.13934995458069552e-01
 1.91971755933678523e+01, 2.99734648467935016e-04, 1.03038141382917198e-01, 3.50811120223618644e-05, 4.62583535315831199e-02, 4.64158883361277200e-03, 1.86666666666666675e-01, 2.49810498434180264e-03, 5.24239451609092716e-02, 1.13934995458069552e-01
 3.29755323554551012e+01, 2.99734648467935016e-04, 1.03038141382917198e-01, 3.50811120223618644e-05, 4.62583535315831199e-02, 4.64158883361277200e-03, 2.13333333333333347e-01, 2.49810498434180264e-03, 5.24239451609092716e-02, 1.13934995458069552e-01
 5.04011160272221446e+01, 2.99734648467935016e-04, 1.03038141382917198e-01, 3.50811120223618644e-05, 4.62583535315831199e-02, 4.64158883361277200e-03, 2.40000000000000019e-01, 2.49810498434180264e-03, 5.24239451609092716e-02, 1.13934995458069552e-01
 6.69939561912866282e+01, 2.99734648467935016e-04, 1.03038141382917198e-01, 3.50811120223618644e-05, 4.62583535315831199e-02, 4.64158883361277200e-03, 2.66666666666666663e-01, 2.49810498434180264e-03, 5.24239451609092716e-02, 1.13934995458069552e-01
 7.94393529754772203e+01, 2.99734648467935016e-04, 1.03038141382917198e-01, 3.50811120223618644e-05, 4.62583535315831199e-02, 4.64158883361277200e-03, 2.93333333333333335e-01, 2.49810498434180264e-03, 5.24239451609092716e-02, 1.13934995458069552e-01
 8.84099384437214013e+01, 2.99734648467935016e-04, 1.03038141382917198e-01, 3.50811120223618644e-05, 4.62583535315831199e-02, 4.64158883361277200e-03, 3.20000000000000007e-01, 2.49810498434180264e-03, 5.24239451609092716e-02, 1.13934995458069552e-01
 9.57888919922344968e+01, 2.99734648467935016e-04, 1.03038141382917198e-01, 3.50811120223618644e-05, 4.62583535315831199e-02, 4.64158883361277200e-03, 3.46666666666666679e-01, 2.49810498434180264e-03, 5.24239451609092716e-02, 1.13934995458069552e-01
 1.03629549025641452e+02, 2.99734648467935016e-04, 1.03038141382917198e-01, 3.50811120223618644e-05, 4.62583535315831199e-02, 4.64158883361277200e-03, 3.73333333333333350e-01, 2.49810498434180264e-03, 5.24239451609092716e-02, 1.13934995458069552e-01
 1.12157903966260974e+02, 2.99734648467935016e-04, 1.03038141382917198e-01, 3.50811120223618644e-05, 4.62583535315831199e-02, 4.64158883361277200e-03, 4.00000000000000022e-01, 2.49810498434180264e-03, 5.24239451609092716e-02, 1.13934995458069552e-01
 1.52980084900319602e+00, 2.99734648467935016e-04, 1.03038141382917198e-01, 3.50811120223618644e-05, 4.62583535315831199e-02, 2.15443469003188115e-02, 0.00000000000000000e+00, 2.49810498434180264e-03, 5.24239451609092716e-02, 1.13934995458069552e-01
 1.30397460416234656e+00, 2.99734648467935016e-04, 1.03038141382917198e-01, 3.50811120223618644e-05, 4.62583535315831199e-02, 2.15443469003188115e-02, 2.66666666666666684e-02, 2.49810498434180264e-03, 5.24239451609092716e-02, 1.13934995458069552e-01
 1.62965848299236149e+00, 2.99734648467935016e-04, 1.03038141382917198e-01, 3.50811120223618644e-05, 4.62583535315831199e-02, 2.15443469003188115e-02, 5.33333333333333368e-02, 2.49810498434180264e-03, 5.24239451609092716e-02, 1.13934995458069552e-01
 2.01249662199032020e+00, 2.99734648467935016e-04, 1.03038141382917198e-01, 3.50811120223618644e-05, 4.62583535315831199e-02, 2.15443469003188115e-02, 8.00000000000000017e-02, 2.49810498434180264e-03, 5.24239451609092716e-02, 1.13934995458069552e-01
 2.44226740768260919e+00, 2.99734648467935016e-04, 1.03038141382917198e-01, 3.50811120223618644e-05, 4.62583535315831199e-02, 2.15443469003188115e-02, 1.06666666666666674e-01, 2.49810498434180264e-03, 5.24239451609092716e-02, 1.13934995458069552e-01
 3.08979175330151490e+00, 2.99734648467935016e-04, 1.03038141382917198e-01, 3.50811120223618644e-05, 4.62583535315831199e-02, 2.15443469003188115e-02, 1.33333333333333331e-01, 2.49810498434180264e-03, 5.24239451609092716e-02, 1.13934995458069552e-01
 4.61537093552427891e+00, 2.99734648467935016e-04, 1.03038141382917198e-01, 3.50811120223618644e-05, 4.62583535315831199e-02, 2.15443469003188115e-02, 1.60000000000000003e-01, 2.49810498434180264e-03, 5.24239451609092716e-02, 1.13934995458069552e-01
 6.57816411365099718e+00, 2.99734648467935016e-04, 1.03038141382917198e-01, 3.50811120223618644e-05, 4.62583535315831199e-02, 2.15443469003188115e-02, 1.86666666666666675e-01, 2.49810498434180264e-03, 5.24239451609092716e-02, 1.13934995458069552e-01
 1.10807659134907279e+01, 2.99734648467935016e-04, 1.03038141382917198e-01, 3.50811120223618644e-05, 4.62583535315831199e-02, 2.15443469003188115e-02, 2.13333333333333347e-01, 2.49810498434180264e-03, 5.24239451609092716e-02, 1.13934995458069552e-01
 2.08979946130969623e+01, 2.99734648467935016e-04, 1.03038141382917198e-01, 3.50811120223618644e-05, 4.62583535315831199e-02, 2.15443469003188115e-02, 2.40000000000000019e-01, 2.49810498434180264e-03, 5.24239451609092716e-02, 1.13934995458069552e-01
 3.44547050372689512e+01, 2.99734648467935016e-04, 1.03038141382917198e-01, 3.50811120223618644e-05, 4.62583535315831199e-02, 2.15443469003188115e-02, 2.66666666666666663e-01, 2.49810498434180264e-03, 5.24239451609092716e-02, 1.13934995458069552e-01
 5.17431660866091150e+01, 2.99734648467935016e-04, 1.03038141382917198e-01, 3.50811120223618644e-05, 4.62583535315831199e-02, 2.15443469003188115e-02, 2.93333333333333335e-01, 2.49810498434180264e-03, 5.24239451609092716e-02, 1.13934995458069552e-01
 6.77228756818633997e+01, 2.99734648467935016e-04, 1.03038141382917198e-01, 3.50811120223618644e-05, 4.62583535315831199e-02, 2.15443469003188115e-02, 3.20000000000000007e-01, 2.49810498434180264e-03, 5.24239451609092716e-02, 1.13934995458069552e-01
 7.91587355375980479e+01, 2.99734648467935016e-04, 1.03038141382917198e-01, 3.50811120223618644e-05, 4.62583535315831199e-02, 2.15443469003188115e-02, 3.46666666666666679e-01, 2.49810498434180264e-03, 5.24239451609092716e-02, 1.13934995458069552e-01
 8.65221660705443298e+01, 2.99734648467935016e-04, 1.03038141382917198e-01, 3.50811120223618644e-05, 4.62583535315831199e-02, 2.15443469003188115e-02, 3.73333333333333350e-01, 2.49810498434180264e-03, 5.24239451609092716e-02, 1.13934995458069552e-01
 9.20695564350553184e+01, 2.99734648467935016e-04, 1.03038141382917198e-01, 3.50811120223618644e-05, 4.62583535315831199e-02, 2.15443469003188115e-02, 4.00000000000000022e-01, 2.49810498434180264e-03, 5.24239451609092716e-02, 1.13934995458069552e-01
 3.74425159560864806e-01, 2.99734648467935016e-04, 1.03038141382917198e-01, 3.50811120223618644e-05, 4.62583535315831199e-02, 9.99999999999998945e-02, 0.00000000000000000e+00, 2.49810498434180264e-03, 5.24239451609092716e-02, 1.13934995458069552e-01
 2.71084576180482262e-01, 2.99734648467935016e-04, 1.03038141382917198e-01, 3.50811120223618644e-05, 4.62583535315831199e-02, 9.99999999999998945e-02, 2.66666666666666684e-02, 2.49810498434180264e-03, 5.24239451609092716e-02, 1.13934995458069552e-01
 6.33969969937062672e-01, 2.99734648467935016e-04, 1.03038141382917198e-01, 3.50811120223618644e-05, 4.62583535315831199e-02, 9.99999999999998945e-02, 5.33333333333333368e-02, 2.49810498434180264e-03, 5.24239451609092716e-02, 1.13934995458069552e-01
 1.28965942069419448e+00, 2.99734648467935016e-04, 1.03038141382917198e-01, 3.50811120223618644e-05, 4.62583535315831199e-02, 9.99999999999998945e-02, 8.00000000000000017e-02, 2.49810498434180264e-03, 5.24239451609092716e-02, 1.13934995458069552e-01
 2.78799108597602974e+00, 2.99734648467935016e-04, 1.03038141382917198e-01, 3.50811120223618644e-05, 4.62583535315831199e-02, 9.99999999999998945e-02, 1.06666666666666674e-01, 2.49810498434180264e-03, 5.24239451609092716e-02, 1.13934995458069552e-01
 2.81906560084525770e+00, 2.99734648467935016e-04, 1.03038141382917198e-01, 3.50811120223618644e-05, 4.62583535315831199e-02, 9.99999999999998945e-02, 1.33333333333333331e-01, 2.49810498434180264e-03, 5.24239451609092716e-02, 1.13934995458069552e-01
 8.33798798073893899e+00, 2.99734648467935016e-04, 1.03038141382917198e-01, 3.50811120223618644e-05, 4.62583535315831199e-02, 9.99999999999998945e-02, 1.60000000000000003e-01, 2.49810498434180264e-03, 5.24239451609092716e-02, 1.13934995458069552e-01
 6.85148029798619351e+00, 2.99734648467935016e-04, 1.03038141382917198e-01, 3.50811120223618644e-05, 4.62583535315831199e-02, 9.99999999999998945e-02, 1.86666666666666675e-01, 2.49810498434180264e-03, 5.24239451609092716e-02, 1.13934995458069552e-01
 7.33710712885363758e+00, 2.99734648467935016e-04, 1.03038141382917198e-01, 3.50811120223618644e-05, 4.62583535315831199e-02, 9.99999999999998945e-02, 2.13333333333333347e-01, 2.49810498434180264e-03, 5.24239451609092716e-02, 1.13934995458069552e-01
 8.79183357957727196e+00, 2.99734648467935016e-04, 1.03038141382917198e-01, 3.50811120223618644e-05, 4.62583535315831199e-02, 9.99999999999998945e-02, 2.40000000000000019e-01, 2.49810498434180264e-03, 5.24239451609092716e-02, 1.13934995458069552e-01
 1.27996146205811865e+01, 2.99734648467935016e-04, 1.03038141382917198e-01, 3.50811120223618644e-05, 4.62583535315831199e-02, 9.99999999999998945e-02, 2.66666666666666663e-01, 2.49810498434180264e-03, 5.24239451609092716e-02, 1.13934995458069552e-01
 2.14484139662071094e+01, 2.99734648467935016e-04, 1.03038141382917198e-01, 3.50811120223618644e-05, 4.62583535315831199e-02, 9.99999999999998945e-02, 2.93333333333333335e-01, 2.49810498434180264e-03, 5.24239451609092716e-02, 1.13934995458069552e-01
 1.19590470988382236e+02, 2.99734648467935016e-04, 1.03038141382917198e-01, 3.50811120223618644e-05, 4.62583535315831199e-02, 9.99999999999998945e-02, 3.20000000000000007e-01, 2.49810498434180264e-03, 5.24239451609092716e-02, 1.13934995458069552e-01
 5.54125033243607277e+01, 2.99734648467935016e-04, 1.03038141382917198e-01, 3.50811120223618644e-05, 4.62583535315831199e-02, 9.99999999999998945e-02, 3.46666666666666679e-01, 2.49810498434180264e-03, 5.24239451609092716e-02, 1.13934995458069552e-01
 7.03429905843547090e+01, 2.99734648467935016e-04, 1.03038141382917198e-01, 3.50811120223618644e-05, 4.62583535315831199e-02, 9.99999999999998945e-02, 3.73333333333333350e-01, 2.49810498434180264e-03, 5.24239451609092716e-02, 1.13934995458069552e-01
 8.08369728378740007e+01, 2.99734648467935016e-04, 1.03038141382917198e-01, 3.50811120223618644e-05, 4.62583535315831199e-02, 9.99999999999998945e-02, 4.00000000000000022e-01, 2.49810498434180264e-03, 5.24239451609092716e-02, 1.13934995458069552e-01
 7.32446760463251634e-01, 2.99734648467935016e-04, 1.03038141382917198e-01, 3.50811120223618644e-05, 4.62583535315831199e-02, 4.64158883361277419e-01, 0.00000000000000000e+00, 2.49810498434180264e-03, 5.24239451609092716e-02, 1.13934995458069552e-01
 5.80350969787883253e-01, 2.99734648467935016e-04, 1.03038141382917198e-01, 3.50811120223618644e-05, 4.62583535315831199e-02, 4.64158883361277419e-01, 2.66666666666666684e-02, 2.49810498434180264e-03, 5.24239451609092716e-02, 1.13934995458069552e-01
 2.59611094271229881e+00, 2.99734648467935016e-04, 1.03038141382917198e-01, 3.50811120223618644e-05, 4.62583535315831199e-02, 4.64158883361277419e-01, 5.33333333333333368e-02, 2.49810498434180264e-03, 5.24239451609092716e-02, 1.13934995458069552e-01
 1.18577922877632389e+01, 2.99734648467935016e-04, 1.03038141382917198e-01, 3.50811120223618644e-05, 4.62583535315831199e-02, 4.64158883361277419e-01, 8.00000000000000017e-02, 2.49810498434180264e-03, 5.24239451609092716e-02, 1.13934995458069552e-01
 6.37848433965463180e+00, 2.99734648467935016e-04, 1.03038141382917198e-01, 3.50811120223618644e-05, 4.62583535315831199e-02, 4.64158883361277419e-01, 1.06666666666666674e-01, 2.49810498434180264e-03, 5.24239451609092716e-02, 1.13934995458069552e-01
 6.43533756963929271e+00, 2.99734648467935016e-04, 1.03038141382917198e-01, 3.50811120223618644e-05, 4.62583535315831199e-02, 4.64158883361277419e-01, 1.33333333333333331e-01, 2.49810498434180264e-03, 5.24239451609092716e-02, 1.13934995458069552e-01
 6.48292458764242685e+00, 2.99734648467935016e-04, 1.03038141382917198e-01, 3.50811120223618644e-05, 4.62583535315831199e-02, 4.64158883361277419e-01, 1.60000000000000003e-01, 2.49810498434180264e-03, 5.24239451609092716e-02, 1.13934995458069552e-01
 1.83144106519322278e+01, 2.99734648467935016e-04, 1.03038141382917198e-01, 3.50811120223618644e-05, 4.62583535315831199e-02, 4.64158883361277419e-01, 1.86666666666666675e-01, 2.49810498434180264e-03, 5.24239451609092716e-02, 1.13934995458069552e-01
 1.74393926835985056e+01, 2.99734648467935016e-04, 1.03038141382917198e-01, 3.50811120223618644e-05, 4.62583535315831199e-02, 4.64158883361277419e-01, 2.13333333333333347e-01, 2.49810498434180264e-03, 5.24239451609092716e-02, 1.13934995458069552e-01
 1.75011444735883792e+01, 2.99734648467935016e-04, 1.03038141382917198e-01, 3.50811120223618644e-05, 4.62583535315831199e-02, 4.64158883361277419e-01, 2.40000000000000019e-01, 2.49810498434180264e-03, 5.24239451609092716e-02, 1.13934995458069552e-01
 1.77030176043956402e+01, 2.99734648467935016e-04, 1.03038141382917198e-01, 3.50811120223618644e-05, 4.62583535315831199e-02, 4.64158883361277419e-01, 2.66666666666666663e-01, 2.49810498434180264e-03, 5.24239451609092716e-02, 1.13934995458069552e-01
 1.83985935089329331e+01, 2.99734648467935016e-04, 1.03038141382917198e-01, 3.50811120223618644e-05, 4.62583535315831199e-02, 4.64158883361277419e-01, 2.93333333333333335e-01, 2.49810498434180264e-03, 5.24239451609092716e-02, 1.13934995458069552e-01
 2.08013289776944141e+01, 2.99734648467935016e-04, 1.03038141382917198e-01, 3.50811120223618644e-05, 4.62583535315831199e-02, 4.64158883361277419e-01, 3.20000000000000007e-01, 2.49810498434180264e-03, 5.24239451609092716e-02, 1.13934995458069552e-01
 2.74717177995980286e+01, 2.99734648467935016e-04, 1.03038141382917198e-01, 3.50811120223618644e-05, 4.62583535315831199e-02, 4.64158883361277419e-01, 3.46666666666666679e-01, 2.49810498434180264e-03, 5.24239451609092716e-02, 1.13934995458069552e-01
 4.02104543011919162e+01, 2.99734648467935016e-04, 1.03038141382917198e-01, 3.50811120223618644e-05, 4.62583535315831199e-02, 4.64158883361277419e-01, 3.73333333333333350e-01, 2.49810498434180264e-03, 5.24239451609092716e-02, 1.13934995458069552e-01
 5.65533024700988847e+01, 2.99734648467935016e-04, 1.03038141382917198e-01, 3.50811120223618644e-05, 4.62583535315831199e-02, 4.64158883361277419e-01, 4.00000000000000022e-01, 2.49810498434180264e-03, 5.24239451609092716e-02, 1.13934995458069552e-01
 1.06971160529246859e+02, 2.99734648467935016e-04, 1.03038141382917198e-01, 3.50811120223618644e-05, 4.62583535315831199e-02, 2.15443469003188204e+00, 0.00000000000000000e+00, 2.49810498434180264e-03, 5.24239451609092716e-02, 1.13934995458069552e-01
 1.86845936322307438e+01, 2.99734648467935016e-04, 1.03038141382917198e-01, 3.50811120223618644e-05, 4.62583535315831199e-02, 2.15443469003188204e+00, 2.66666666666666684e-02, 2.49810498434180264e-03, 5.24239451609092716e-02, 1.13934995458069552e-01
 1.72226053895310649e+01, 2.99734648467935016e-04, 1.03038141382917198e-01, 3.50811120223618644e-05, 4.62583535315831199e-02, 2.15443469003188204e+00, 5.33333333333333368e-02, 2.49810498434180264e-03, 5.24239451609092716e-02, 1.13934995458069552e-01
 1.71557321968112042e+01, 2.99734648467935016e-04, 1.03038141382917198e-01, 3.50811120223618644e-05, 4.62583535315831199e-02, 2.15443469003188204e+00, 8.00000000000000017e-02, 2.49810498434180264e-03, 5.24239451609092716e-02, 1.13934995458069552e-01
 1.72115836561338504e+01, 2.99734648467935016e-04, 1.03038141382917198e-01, 3.50811120223618644e-05, 4.62583535315831199e-02, 2.15443469003188204e+00, 1.06666666666666674e-01, 2.49810498434180264e-03, 5.24239451609092716e-02, 1.13934995458069552e-01
 1.72796963904599465e+01, 2.99734648467935016e-04, 1.03038141382917198e-01, 3.50811120223618644e-05, 4.62583535315831199e-02, 2.15443469003188204e+00, 1.33333333333333331e-01, 2.49810498434180264e-03, 5.24239451609092716e-02, 1.13934995458069552e-01
 1.73296918289686843e+01, 2.99734648467935016e-04, 1.03038141382917198e-01, 3.50811120223618644e-05, 4.62583535315831199e-02, 2.15443469003188204e+00, 1.60000000000000003e-01, 2.49810498434180264e-03, 5.24239451609092716e-02, 1.13934995458069552e-01
 1.73586385070488056e+01, 2.99734648467935016e-04, 1.03038141382917198e-01, 3.50811120223618644e-05, 4.62583535315831199e-02, 2.15443469003188204e+00, 1.86666666666666675e-01, 2.49810498434180264e-03, 5.24239451609092716e-02, 1.13934995458069552e-01
 1.73770813732398750e+01, 2.99734648467935016e-04, 1.03038141382917198e-01, 3.50811120223618644e-05, 4.62583535315831199e-02, 2.15443469003188204e+00, 2.13333333333333347e-01, 2.49810498434180264e-03, 5.24239451609092716e-02, 1.13934995458069552e-01
 1.73949605656419379e+01, 2.99734648467935016e-04, 1.03038141382917198e-01, 3.50811120223618644e-05, 4.62583535315831199e-02, 2.15443469003188204e+00, 2.40000000000000019e-01, 2.49810498434180264e-03, 5.24239451609092716e-02, 1.13934995458069552e-01
 1.74247174149169552e+01, 2.99734648467935016e-04, 1.03038141382917198e-01, 3.50811120223618644e-05, 4.62583535315831199e-02, 2.15443469003188204e+00, 2.66666666666666663e-01, 2.49810498434180264e-03, 5.24239451609092716e-02, 1.13934995458069552e-01
 1.74964548820088446e+01, 2.99734648467935016e-04, 1.03038141382917198e-01, 3.50811120223618644e-05, 4.62583535315831199e-02, 2.15443469003188204e+00, 2.93333333333333335e-01, 2.49810498434180264e-03, 5.24239451609092716e-02, 1.13934995458069552e-01
 1.77152002259072354e+01, 2.99734648467935016e-04, 1.03038141382917198e-01, 3.50811120223618644e-05, 4.62583535315831199e-02, 2.15443469003188204e+00, 3.20000000000000007e-01, 2.49810498434180264e-03, 5.24239451609092716e-02, 1.13934995458069552e-01
 1.84838049400421802e+01, 2.99734648467935016e-04, 1.03038141382917198e-01, 3.50811120223618644e-05, 4.62583535315831199e-02, 2.15443469003188204e+00, 3.46666666666666679e-01, 2.49810498434180264e-03, 5.24239451609092716e-02, 1.13934995458069552e-01
 2.11199929558503463e+01, 2.99734648467935016e-04, 1.03038141382917198e-01, 3.50811120223618644e-05, 4.62583535315831199e-02, 2.15443469003188204e+00, 3.73333333333333350e-01, 2.49810498434180264e-03, 5.24239451609092716e-02, 1.13934995458069552e-01
 2.82532625767435412e+01, 2.99734648467935016e-04, 1.03038141382917198e-01, 3.50811120223618644e-05, 4.62583535315831199e-02, 2.15443469003188204e+00, 4.00000000000000022e-01, 2.49810498434180264e-03, 5.24239451609092716e-02, 1.13934995458069552e-01
 1.70982598401006214e+02, 2.99734648467935016e-04, 1.03038141382917198e-01, 3.50811120223618644e-05, 4.62583535315831199e-02, 9.99999999999997513e+00, 0.00000000000000000e+00, 2.49810498434180264e-03, 5.24239451609092716e-02, 1.13934995458069552e-01
 1.70878393541652827e+02, 2.99734648467935016e-04, 1.03038141382917198e-01, 3.50811120223618644e-05, 4.62583535315831199e-02, 9.99999999999997513e+00, 2.66666666666666684e-02, 2.49810498434180264e-03, 5.24239451609092716e-02, 1.13934995458069552e-01
 1.46426736264976739e+02, 2.99734648467935016e-04, 1.03038141382917198e-01, 3.50811120223618644e-05, 4.62583535315831199e-02, 9.99999999999997513e+00, 5.33333333333333368e-02, 2.49810498434180264e-03, 5.24239451609092716e-02, 1.13934995458069552e-01
 9.64124420039741210e+01, 2.99734648467935016e-04, 1.03038141382917198e-01, 3.50811120223618644e-05, 4.62583535315831199e-02, 9.99999999999997513e+00, 8.00000000000000017e-02, 2.49810498434180264e-03, 5.24239451609092716e-02, 1.13934995458069552e-01
 9.39776863925191606e+01, 2.99734648467935016e-04, 1.03038141382917198e-01, 3.50811120223618644e-05, 4.62583535315831199e-02, 9.99999999999997513e+00, 1.06666666666666674e-01, 2.49810498434180264e-03, 5.24239451609092716e-02, 1.13934995458069552e-01
 5.61051399084288747e+01, 2.99734648467935016e-04, 1.03038141382917198e-01, 3.50811120223618644e-05, 4.62583535315831199e-02, 9.99999999999997513e+00, 1.33333333333333331e-01, 2.49810498434180264e-03, 5.24239451609092716e-02, 1.13934995458069552e-01
 4.48299690370744131e+01, 2.99734648467935016e-04, 1.03038141382917198e-01, 3.50811120223618644e-05, 4.62583535315831199e-02, 9.99999999999997513e+00, 1.60000000000000003e-01, 2.49810498434180264e-03, 5.24239451609092716e-02, 1.13934995458069552e-01
 4.48280073229710680e+01, 2.99734648467935016e-04, 1.03038141382917198e-01, 3.50811120223618644e-05, 4.62583535315831199e-02, 9.99999999999997513e+00, 1.86666666666666675e-01, 2.49810498434180264e-03, 5.24239451609092716e-02, 1.13934995458069552e-01
 4.48600645855911893e+01, 2.99734648467935016e-04, 1.03038141382917198e-01, 3.50811120223618644e-05, 4.62583535315831199e-02, 9.99999999999997513e+00, 2.13333333333333347e-01, 2.49810498434180264e-03, 5.24239451609092716e-02, 1.13934995458069552e-01
 4.48756663520367596e+01, 2.99734648467935016e-04, 1.03038141382917198e-01, 3.50811120223618644e-05, 4.62583535315831199e-02, 9.99999999999997513e+00, 2.40000000000000019e-01, 2.49810498434180264e-03, 5.24239451609092716e-02, 1.13934995458069552e-01
 4.48840162496374830e+01, 2.99734648467935016e-04, 1.03038141382917198e-01, 3.50811120223618644e-05, 4.62583535315831199e-02, 9.99999999999997513e+00, 2.66666666666666663e-01, 2.49810498434180264e-03, 5.24239451609092716e-02, 1.13934995458069552e-01
 4.48908521238268818e+01, 2.99734648467935016e-04, 1.03038141382917198e-01, 3.50811120223618644e-05, 4.62583535315831199e-02, 9.99999999999997513e+00, 2.93333333333333335e-01, 2.49810498434180264e-03, 5.24239451609092716e-02, 1.13934995458069552e-01
 4.49018308975283773e+01, 2.99734648467935016e-04, 1.03038141382917198e-01, 3.50811120223618644e-05, 4.62583535315831199e-02, 9.99999999999997513e+00, 3.20000000000000007e-01, 2.49810498434180264e-03, 5.24239451609092716e-02, 1.13934995458069552e-01
 4.49301710340396667e+01, 2.99734648467935016e-04, 1.03038141382917198e-01, 3.50811120223618644e-05, 4.62583535315831199e-02, 9.99999999999997513e+00, 3.46666666666666679e-01, 2.49810498434180264e-03, 5.24239451609092716e-02, 1.13934995458069552e-01
 4.50222489957113226e+01, 2.99734648467935016e-04, 1.03038141382917198e-01, 3.50811120223618644e-05, 4.62583535315831199e-02, 9.99999999999997513e+00, 3.73333333333333350e-01, 2.49810498434180264e-03, 5.24239451609092716e-02, 1.13934995458069552e-01
 4.53604575142629045e+01, 2.99734648467935016e-04, 1.03038141382917198e-01, 3.50811120223618644e-05, 4.62583535315831199e-02, 9.99999999999997513e+00, 4.00000000000000022e-01, 2.49810498434180264e-03, 5.24239451609092716e-02, 1.13934995458069552e-01
 1.70999581201370319e+02, 2.99734648467935016e-04, 1.03038141382917198e-01, 3.50811120223618644e-05, 4.62583535315831199e-02, 4.64158883361277645e+01, 0.00000000000000000e+00, 2.49810498434180264e-03, 5.24239451609092716e-02, 1.13934995458069552e-01
 1.70935989011829918e+02, 2.99734648467935016e-04, 1.03038141382917198e-01, 3.50811120223618644e-05, 4.62583535315831199e-02, 4.64158883361277645e+01, 2.66666666666666684e-02, 2.49810498434180264e-03, 5.24239451609092716e-02, 1.13934995458069552e-01
 1.70860689175705602e+02, 2.99734648467935016e-04, 1.03038141382917198e-01, 3.50811120223618644e-05, 4.62583535315831199e-02, 4.64158883361277645e+01, 5.33333333333333368e-02, 2.49810498434180264e-03, 5.24239451609092716e-02, 1.13934995458069552e-01
 1.70823929014427222e+02, 2.99734648467935016e-04, 1.03038141382917198e-01, 3.50811120223618644e-05, 4.62583535315831199e-02, 4.64158883361277645e+01, 8.00000000000000017e-02, 2.49810498434180264e-03, 5.24239451609092716e-02, 1.13934995458069552e-01
 1.45762239312665486e+02, 2.99734648467935016e-04, 1.03038141382917198e-01, 3.50811120223618644e-05, 4.62583535315831199e-02, 4.64158883361277645e+01, 1.06666666666666674e-01, 2.49810498434180264e-03, 5.24239451609092716e-02, 1.13934995458069552e-01
 1.43035989824119923e+02, 2.99734648467935016e-04, 1.03038141382917198e-01, 3.50811120223618644e-05, 4.62583535315831199e-02, 4.64158883361277645e+01, 1.33333333333333331e-01, 2.49810498434180264e-03, 5.24239451609092716e-02, 1.13934995458069552e-01
 9.61397616334118936e+01, 2.99734648467935016e-04, 1.03038141382917198e-01, 3.50811120223618644e-05, 4.62583535315831199e-02, 4.64158883361277645e+01, 1.60000000000000003e-01, 2.49810498434180264e-03, 5.24239451609092716e-02, 1.13934995458069552e-01
 9.60771149480883366e+01, 2.99734648467935016e-04, 1.03038141382917198e-01, 3.50811120223618644e-05, 4.62583535315831199e-02, 4.64158883361277645e+01, 1.86666666666666675e-01, 2.49810498434180264e-03, 5.24239451609092716e-02, 1.13934995458069552e-01
 9.61266531266812052e+01, 2.99734648467935016e-04, 1.03038141382917198e-01, 3.50811120223618644e-05, 4.62583535315831199e-02, 4.64158883361277645e+01, 2.13333333333333347e-01, 2.49810498434180264e-03, 5.24239451609092716e-02, 1.13934995458069552e-01
 9.61193603366633198e+01, 2.99734648467935016e-04, 1.03038141382917198e-01, 3.50811120223618644e-05, 4.62583535315831199e-02, 4.64158883361277645e+01, 2.40000000000000019e-01, 2.49810498434180264e-03, 5.24239451609092716e-02, 1.13934995458069552e-01
 9.05813355880835331e+01, 2.99734648467935016e-04, 1.03038141382917198e-01, 3.50811120223618644e-05, 4.62583535315831199e-02, 4.64158883361277645e+01, 2.66666666666666663e-01, 2.49810498434180264e-03, 5.24239451609092716e-02, 1.13934995458069552e-01
 4.87773969090594122e+01, 2.99734648467935016e-04, 1.03038141382917198e-01, 3.50811120223618644e-05, 4.62583535315831199e-02, 4.64158883361277645e+01, 2.93333333333333335e-01, 2.49810498434180264e-03, 5.24239451609092716e-02, 1.13934995458069552e-01
 4.48959178568192243e+01, 2.99734648467935016e-04, 1.03038141382917198e-01, 3.50811120223618644e-05, 4.62583535315831199e-02, 4.64158883361277645e+01, 3.20000000000000007e-01, 2.49810498434180264e-03, 5.24239451609092716e-02, 1.13934995458069552e-01
 4.48915769671505487e+01, 2.99734648467935016e-04, 1.03038141382917198e-01, 3.50811120223618644e-05, 4.62583535315831199e-02, 4.64158883361277645e+01, 3.46666666666666679e-01, 2.49810498434180264e-03, 5.24239451609092716e-02, 1.13934995458069552e-01
 4.49022065361894178e+01, 2.99734648467935016e-04, 1.03038141382917198e-01, 3.50811120223618644e-05, 4.62583535315831199e-02, 4.64158883361277645e+01, 3.73333333333333350e-01, 2.49810498434180264e-03, 5.24239451609092716e-02, 1.13934995458069552e-01
 4.49316826440711026e+01, 2.99734648467935016e-04, 1.03038141382917198e-01, 3.50811120223618644e-05, 4.62583535315831199e-02, 4.64158883361277645e+01, 4.00000000000000022e-01, 2.49810498434180264e-03, 5.24239451609092716e-02, 1.13934995458069552e-01
 1.71003699872491978e+02, 2.99734648467935016e-04, 1.03038141382917198e-01, 3.50811120223618644e-05, 4.62583535315831199e-02, 2.15443469003187914e+02, 0.00000000000000000e+00, 2.49810498434180264e-03, 5.24239451609092716e-02, 1.13934995458069552e-01
 1.70982489235602145e+02, 2.99734648467935016e-04, 1.03038141382917198e-01, 3.50811120223618644e-05, 4.62583535315831199e-02, 2.15443469003187914e+02, 2.66666666666666684e-02, 2.49810498434180264e-03, 5.24239451609092716e-02, 1.13934995458069552e-01
 1.70886362030551425e+02, 2.99734648467935016e-04, 1.03038141382917198e-01, 3.50811120223618644e-05, 4.62583535315831199e-02, 2.15443469003187914e+02, 5.33333333333333368e-02, 2.49810498434180264e-03, 5.24239451609092716e-02, 1.13934995458069552e-01
 1.70856524352286868e+02, 2.99734648467935016e-04, 1.03038141382917198e-01, 3.50811120223618644e-05, 4.62583535315831199e-02, 2.15443469003187914e+02, 8.00000000000000017e-02, 2.49810498434180264e-03, 5.24239451609092716e-02, 1.13934995458069552e-01
 1.70826378025172659e+02, 2.99734648467935016e-04, 1.03038141382917198e-01, 3.50811120223618644e-05, 4.62583535315831199e-02, 2.15443469003187914e+02, 1.06666666666666674e-01, 2.49810498434180264e-03, 5.24239451609092716e-02, 1.13934995458069552e-01
 1.70771598700849950e+02, 2.99734648467935016e-04, 1.03038141382917198e-01, 3.50811120223618644e-05, 4.62583535315831199e-02, 2.15443469003187914e+02, 1.33333333333333331e-01, 2.49810498434180264e-03, 5.24239451609092716e-02, 1.13934995458069552e-01
 1.45491804526645069e+02, 2.99734648467935016e-04, 1.03038141382917198e-01, 3.50811120223618644e-05, 4.62583535315831199e-02, 2.15443469003187914e+02, 1.60000000000000003e-01, 2.49810498434180264e-03, 5.24239451609092716e-02, 1.13934995458069552e-01
 1.45379105086243129e+02, 2.99734648467935016e-04, 1.03038141382917198e-01, 3.50811120223618644e-05, 4.62583535315831199e-02, 2.15443469003187914e+02, 1.86666666666666675e-01, 2.49810498434180264e-03, 5.24239451609092716e-02, 1.13934995458069552e-01
 1.39430031357092389e+02, 2.99734648467935016e-04, 1.03038141382917198e-01, 3.50811120223618644e-05, 4.62583535315831199e-02, 2.15443469003187914e+02, 2.13333333333333347e-01, 2.49810498434180264e-03, 5.24239451609092716e-02, 1.13934995458069552e-01
 9.61361737751487482e+01, 2.99734648467935016e-04, 1.03038141382917198e-01, 3.50811120223618644e-05, 4.62583535315831199e-02, 2.15443469003187914e+02, 2.40000000000000019e-01, 2.49810498434180264e-03, 5.24239451609092716e-02, 1.13934995458069552e-01
 9.61519433735579270e+01, 2.99734648467935016e-04, 1.03038141382917198e-01, 3.50811120223618644e-05, 4.62583535315831199e-02, 2.15443469003187914e+02, 2.66666666666666663e-01, 2.49810498434180264e-03, 5.24239451609092716e-02, 1.13934995458069552e-01
 9.61790495949934154e+01, 2.99734648467935016e-04, 1.03038141382917198e-01, 3.50811120223618644e-05, 4.62583535315831199e-02, 2.15443469003187914e+02, 2.93333333333333335e-01, 2.49810498434180264e-03, 5.24239451609092716e-02, 1.13934995458069552e-01
 9.61911693274248307e+01, 2.99734648467935016e-04, 1.03038141382917198e-01, 3.50811120223618644e-05, 4.62583535315831199e-02, 2.15443469003187914e+02, 3.20000000000000007e-01, 2.49810498434180264e-03, 5.24239451609092716e-02, 1.13934995458069552e-01
 9.61965559790764928e+01, 2.99734648467935016e-04, 1.03038141382917198e-01, 3.50811120223618644e-05, 4.62583535315831199e-02, 2.15443469003187914e+02, 3.46666666666666679e-01, 2.49810498434180264e-03, 5.24239451609092716e-02, 1.13934995458069552e-01
 9.61992157340357181e+01, 2.99734648467935016e-04, 1.03038141382917198e-01, 3.50811120223618644e-05, 4.62583535315831199e-02, 2.15443469003187914e+02, 3.73333333333333350e-01, 2.49810498434180264e-03, 5.24239451609092716e-02, 1.13934995458069552e-01
 9.60305599294858752e+01, 2.99734648467935016e-04, 1.03038141382917198e-01, 3.50811120223618644e-05, 4.62583535315831199e-02, 2.15443469003187914e+02, 4.00000000000000022e-01, 2.49810498434180264e-03, 5.24239451609092716e-02, 1.13934995458069552e-01
 1.71004611476536780e+02, 2.99734648467935016e-04, 1.03038141382917198e-01, 3.50811120223618644e-05, 4.62583535315831199e-02, 9.99999999999999773e+02, 0.00000000000000000e+00, 2.49810498434180264e-03, 5.24239451609092716e-02, 1.13934995458069552e-01
 1.70999450561139156e+02, 2.99734648467935016e-04, 1.03038141382917198e-01, 3.50811120223618644e-05, 4.62583535315831199e-02, 9.99999999999999773e+02, 2.66666666666666684e-02, 2.49810498434180264e-03, 5.24239451609092716e-02, 1.13934995458069552e-01
 1.70935890536028694e+02, 2.99734648467935016e-04, 1.03038141382917198e-01, 3.50811120223618644e-05, 4.62583535315831199e-02, 9.99999999999999773e+02, 5.33333333333333368e-02, 2.49810498434180264e-03, 5.24239451609092716e-02, 1.13934995458069552e-01
 1.70869239841386928e+02, 2.99734648467935016e-04, 1.03038141382917198e-01, 3.50811120223618644e-05, 4.62583535315831199e-02, 9.99999999999999773e+02, 8.00000000000000017e-02, 2.49810498434180264e-03, 5.24239451609092716e-02, 1.13934995458069552e-01
 1.70853797146038119e+02, 2.99734648467935016e-04, 1.03038141382917198e-01, 3.50811120223618644e-05, 4.62583535315831199e-02, 9.99999999999999773e+02, 1.06666666666666674e-01, 2.49810498434180264e-03, 5.24239451609092716e-02, 1.13934995458069552e-01
 1.70825017539123195e+02, 2.99734648467935016e-04, 1.03038141382917198e-01, 3.50811120223618644e-05, 4.62583535315831199e-02, 9.99999999999999773e+02, 1.33333333333333331e-01, 2.49810498434180264e-03, 5.24239451609092716e-02, 1.13934995458069552e-01
 1.70792732148609019e+02, 2.99734648467935016e-04, 1.03038141382917198e-01, 3.50811120223618644e-05, 4.62583535315831199e-02, 9.99999999999999773e+02, 1.60000000000000003e-01, 2.49810498434180264e-03, 5.24239451609092716e-02, 1.13934995458069552e-01
 1.70719723275797151e+02, 2.99734648467935016e-04, 1.03038141382917198e-01, 3.50811120223618644e-05, 4.62583535315831199e-02, 9.99999999999999773e+02, 1.86666666666666675e-01, 2.49810498434180264e-03, 5.24239451609092716e-02, 1.13934995458069552e-01
 1.45422588999342423e+02, 2.99734648467935016e-04, 1.03038141382917198e-01, 3.50811120223618644e-05, 4.62583535315831199e-02, 9.99999999999999773e+02, 2.13333333333333347e-01, 2.49810498434180264e-03, 5.24239451609092716e-02, 1.13934995458069552e-01
 1.45406631210410723e+02, 2.99734648467935016e-04, 1.03038141382917198e-01, 3.50811120223618644e-05, 4.62583535315831199e-02, 9.99999999999999773e+02, 2.40000000000000019e-01, 2.49810498434180264e-03, 5.24239451609092716e-02, 1.13934995458069552e-01
 1.45432428253180120e+02, 2.99734648467935016e-04, 1.03038141382917198e-01, 3.50811120223618644e-05, 4.62583535315831199e-02, 9.99999999999999773e+02, 2.66666666666666663e-01, 2.49810498434180264e-03, 5.24239451609092716e-02, 1.13934995458069552e-01
 1.32086594858804233e+02, 2.99734648467935016e-04, 1.03038141382917198e-01, 3.50811120223618644e-05, 4.62583535315831199e-02, 9.99999999999999773e+02, 2.93333333333333335e-01, 2.49810498434180264e-03, 5.24239451609092716e-02, 1.13934995458069552e-01
 9.61765286275695814e+01, 2.99734648467935016e-04, 1.03038141382917198e-01, 3.50811120223618644e-05, 4.62583535315831199e-02, 9.99999999999999773e+02, 3.20000000000000007e-01, 2.49810498434180264e-03, 5.24239451609092716e-02, 1.13934995458069552e-01
 9.61870431466114724e+01, 2.99734648467935016e-04, 1.03038141382917198e-01, 3.50811120223618644e-05, 4.62583535315831199e-02, 9.99999999999999773e+02, 3.46666666666666679e-01, 2.49810498434180264e-03, 5.24239451609092716e-02, 1.13934995458069552e-01
 9.61942660933091105e+01, 2.99734648467935016e-04, 1.03038141382917198e-01, 3.50811120223618644e-05, 4.62583535315831199e-02, 9.99999999999999773e+02, 3.73333333333333350e-01, 2.49810498434180264e-03, 5.24239451609092716e-02, 1.13934995458069552e-01
 9.61977776023743445e+01, 2.99734648467935016e-04, 1.03038141382917198e-01, 3.50811120223618644e-05, 4.62583535315831199e-02, 9.99999999999999773e+02, 4.00000000000000022e-01, 2.49810498434180264e-03, 5.24239451609092716e-02, 1.13934995458069552e-01
